{"cameraMode":{"drawMode":0,"name":"Shaded","section":"Shading Mode"},"sceneLighting":true,"audioPlay":false,"sceneViewState":{"showFog":true,"showMaterialUpdate":true,"showSkybox":true,"showFlares":true,"showImageEffects":true,"showParticleSystems":true},"in2DMode":false,"pivot":{"x":-15.062131881713868,"y":-26.952800750732423,"z":43.476226806640628},"rotation":{"x":-0.25523099303245547,"y":0.03972254693508148,"z":-0.010495214723050595,"w":-0.96600741147995},"size":40.357688903808597,"orthographic":false}