{"cameraMode":{"drawMode":0,"name":"Shaded","section":"Shading Mode"},"sceneLighting":false,"audioPlay":false,"sceneViewState":{"showFog":true,"showMaterialUpdate":true,"showSkybox":false,"showFlares":true,"showImageEffects":true,"showParticleSystems":true},"in2DMode":false,"pivot":{"x":-0.44999998807907107,"y":-0.10973453521728516,"z":-0.5899999141693115},"rotation":{"x":-0.29856717586517336,"y":0.02633453719317913,"z":-0.008241045288741589,"w":-0.9539921283721924},"size":0.8660253882408142,"orthographic":false}