{"cameraMode":{"drawMode":0,"name":"Shaded","section":"Shading Mode"},"sceneLighting":true,"audioPlay":false,"sceneViewState":{"showFog":true,"showMaterialUpdate":true,"showSkybox":true,"showFlares":true,"showImageEffects":true,"showParticleSystems":true},"in2DMode":false,"pivot":{"x":-17.76255226135254,"y":-10.80988597869873,"z":1.9851202964782715},"rotation":{"x":-0.17673544585704804,"y":0.6307722330093384,"z":-0.15056103467941285,"w":-0.740426778793335},"size":17.293594360351564,"orthographic":false}