{"cameraMode":{"drawMode":0,"name":"Shaded","section":"Shading Mode"},"sceneLighting":true,"audioPlay":false,"sceneViewState":{"showFog":true,"showMaterialUpdate":true,"showSkybox":true,"showFlares":true,"showImageEffects":true,"showParticleSystems":true},"in2DMode":false,"pivot":{"x":-44.45360565185547,"y":-39.14556884765625,"z":18.35103988647461},"rotation":{"x":0.35852107405662539,"y":-0.3264080882072449,"z":0.13543571531772614,"w":0.8640536069869995},"size":32.81840515136719,"orthographic":false}